obyekt_id,modda,oyna_boshi,qiymat,birlik,valid,manba,izoh
K-1,NOx,2026-12-07T08:00:00+05:00,423.657,mg/m³,true,cems,
K-1,NOx,2026-12-07T08:00:00+05:00,431.96,mg/m³,true,hisobot,
K-1,NOx,2026-12-07T08:20:00+05:00,429.005,mg/m³,true,cems,
K-1,NOx,2026-12-07T08:20:00+05:00,445.911,mg/m³,true,hisobot,
K-1,NOx,2026-12-07T08:40:00+05:00,396.588,mg/m³,true,cems,
K-1,NOx,2026-12-07T08:40:00+05:00,403.321,mg/m³,true,hisobot,
K-1,NOx,2026-12-07T09:00:00+05:00,421.534,mg/m³,true,cems,
K-1,NOx,2026-12-07T09:00:00+05:00,432.847,mg/m³,true,hisobot,
K-1,NOx,2026-12-07T09:20:00+05:00,419.798,mg/m³,true,cems,
K-1,NOx,2026-12-07T09:20:00+05:00,428.811,mg/m³,true,hisobot,
K-1,NOx,2026-12-07T09:40:00+05:00,430.553,mg/m³,true,cems,
K-1,NOx,2026-12-07T09:40:00+05:00,446.818,mg/m³,true,hisobot,
