vaqt,shamol_ms,shamol_yonalishi_grad,harorat_C,namlik_foiz
2026-09-24T00:00,5.2,29,22.7,29
2026-09-24T01:00,4.2,348,22.0,31
2026-09-24T02:00,1.6,270,21.3,36
2026-09-24T03:00,1.4,270,20.6,38
2026-09-24T04:00,3.1,170,19.7,39
2026-09-24T05:00,6.2,142,19.3,48
2026-09-24T06:00,11.3,160,18.4,47
2026-09-24T07:00,11.5,180,18.1,56
2026-09-24T08:00,9.8,197,19.4,53
2026-09-24T09:00,7.7,198,21.4,45
2026-09-24T10:00,7.9,191,23.3,38
2026-09-24T11:00,13.7,179,23.7,40
2026-09-24T12:00,11.7,191,25.1,37
2026-09-24T13:00,10.7,207,26.2,33
2026-09-24T14:00,10.9,216,27.0,29
2026-09-24T15:00,10.0,218,27.1,28
2026-09-24T16:00,8.1,223,26.9,27
2026-09-24T17:00,7.2,245,26.6,21
2026-09-24T18:00,4.0,260,25.1,26
2026-09-24T19:00,4.0,238,23.4,30
2026-09-24T20:00,3.9,204,22.0,35
2026-09-24T21:00,3.6,180,20.9,40
2026-09-24T22:00,4.6,191,20.2,41
2026-09-24T23:00,4.8,167,19.4,48
2026-09-25T00:00,6.5,186,18.6,51
2026-09-25T01:00,5.4,200,17.6,59
2026-09-25T02:00,4.4,210,16.9,69
2026-09-25T03:00,0.2,90,16.6,77
2026-09-25T04:00,3.4,354,16.3,76
2026-09-25T05:00,2.6,348,15.6,82
2026-09-25T06:00,4.4,339,15.4,80
2026-09-25T07:00,5.9,346,15.4,76
2026-09-25T08:00,6.2,334,17.6,65
2026-09-25T09:00,6.2,339,20.4,53
2026-09-25T10:00,8.1,336,22.6,45
2026-09-25T11:00,8.0,335,24.6,36
2026-09-25T12:00,8.9,331,25.8,32
2026-09-25T13:00,7.2,323,26.7,30
2026-09-25T14:00,6.6,292,27.2,29
2026-09-25T15:00,7.6,277,27.3,27
2026-09-25T16:00,7.4,273,26.9,27
2026-09-25T17:00,6.9,265,26.9,26
2026-09-25T18:00,6.0,280,25.4,31
2026-09-25T19:00,4.7,261,23.5,38
2026-09-25T20:00,9.6,201,22.7,40
2026-09-25T21:00,6.5,185,21.6,47
2026-09-25T22:00,5.9,166,20.7,49
2026-09-25T23:00,4.0,111,19.7,57
2026-09-26T00:00,4.9,96,19.5,53
2026-09-26T01:00,4.2,85,18.9,56
2026-09-26T02:00,3.9,66,18.4,56
2026-09-26T03:00,2.2,156,17.6,57
2026-09-26T04:00,7.6,184,17.1,56
2026-09-26T05:00,10.2,167,16.0,61
2026-09-26T06:00,12.0,164,15.7,61
2026-09-26T07:00,12.8,174,16.2,58
2026-09-26T08:00,9.5,171,18.3,49
2026-09-26T09:00,11.3,190,21.4,39
2026-09-26T10:00,16.1,207,23.4,32
2026-09-26T11:00,13.9,211,24.8,29
2026-09-26T12:00,14.5,218,25.5,26
2026-09-26T13:00,14.2,229,25.5,25
2026-09-26T14:00,13.8,243,25.5,25
2026-09-26T15:00,14.4,262,25.3,25
2026-09-26T16:00,13.1,263,24.5,24
2026-09-26T17:00,12.3,239,24.2,23
2026-09-26T18:00,11.2,235,22.9,27
2026-09-26T19:00,9.7,252,21.7,30
2026-09-26T20:00,9.9,266,21.0,31
2026-09-26T21:00,9.2,266,20.9,29
2026-09-26T22:00,6.9,279,19.7,31
2026-09-26T23:00,4.6,249,19.0,35
2026-09-27T00:00,4.0,207,18.2,39
2026-09-27T01:00,7.3,189,17.5,40
2026-09-27T02:00,8.7,176,16.5,40
2026-09-27T03:00,8.9,173,15.7,41
2026-09-27T04:00,8.6,168,15.0,43
2026-09-27T05:00,8.9,172,14.2,45
2026-09-27T06:00,7.9,167,13.7,48
2026-09-27T07:00,8.6,168,14.0,48
2026-09-27T08:00,7.6,172,15.7,45
2026-09-27T09:00,7.9,176,17.9,40
2026-09-27T10:00,7.6,195,20.1,35
2026-09-27T11:00,8.6,217,21.7,31
2026-09-27T12:00,9.3,226,22.7,27
2026-09-27T13:00,9.3,238,23.3,26
2026-09-27T14:00,8.8,244,23.6,25
2026-09-27T15:00,7.5,259,23.7,25
2026-09-27T16:00,7.3,254,23.6,26
2026-09-27T17:00,6.7,254,23.3,25
2026-09-27T18:00,6.3,250,22.2,27
2026-09-27T19:00,5.9,252,20.6,29
2026-09-27T20:00,4.0,270,19.5,32
2026-09-27T21:00,3.4,313,18.8,36
2026-09-27T22:00,3.6,351,18.1,39
2026-09-27T23:00,2.2,104,17.2,43
2026-09-28T00:00,0.6,72,16.6,45
2026-09-28T01:00,3.5,66,15.5,45
2026-09-28T02:00,4.0,51,15.1,45
2026-09-28T03:00,3.9,28,15.0,44
2026-09-28T04:00,4.2,5,14.5,45
2026-09-28T05:00,4.1,67,14.2,44
2026-09-28T06:00,3.9,47,14.3,43
2026-09-28T07:00,4.2,12,14.8,40
2026-09-28T08:00,4.6,9,16.7,36
2026-09-28T09:00,2.2,351,19.8,29
2026-09-28T10:00,3.5,339,21.8,25
2026-09-28T11:00,3.7,305,23.1,23
2026-09-28T12:00,4.3,285,24.1,22
2026-09-28T13:00,4.3,272,24.8,21
2026-09-28T14:00,3.5,261,25.4,20
2026-09-28T15:00,4.8,281,25.7,19
2026-09-28T16:00,7.2,289,25.3,20
2026-09-28T17:00,7.8,293,24.9,20
2026-09-28T18:00,8.3,304,23.5,22
2026-09-28T19:00,9.6,310,22.4,24
2026-09-28T20:00,12.0,315,21.3,26
2026-09-28T21:00,7.0,10,20.6,28
2026-09-28T22:00,5.3,66,19.6,30
2026-09-28T23:00,9.0,92,19.0,35
2026-09-29T00:00,11.7,81,18.9,38
2026-09-29T01:00,11.2,88,18.4,42
2026-09-29T02:00,9.3,82,18.0,40
2026-09-29T03:00,6.2,105,17.4,42
2026-09-29T04:00,2.6,155,16.7,48
2026-09-29T05:00,4.5,34,17.0,45
2026-09-29T06:00,3.8,95,15.9,51
2026-09-29T07:00,5.1,122,15.7,54
2026-09-29T08:00,5.5,157,16.1,55
2026-09-29T09:00,5.5,163,18.1,49
2026-09-29T10:00,6.2,173,20.6,40
2026-09-29T11:00,5.7,217,23.6,31
2026-09-29T12:00,6.9,242,25.1,25
2026-09-29T13:00,6.9,233,26.1,22
2026-09-29T14:00,9.0,237,26.6,21
2026-09-29T15:00,10.2,246,26.7,19
2026-09-29T16:00,11.1,261,26.5,18
2026-09-29T17:00,9.2,264,26.0,18
2026-09-29T18:00,7.6,275,24.1,22
2026-09-29T19:00,6.8,305,22.3,26
2026-09-29T20:00,3.5,321,21.1,31
2026-09-29T21:00,2.4,73,20.2,32
2026-09-29T22:00,3.2,63,19.4,35
2026-09-29T23:00,3.0,76,18.2,39
2026-09-30T00:00,3.8,98,17.3,39
2026-09-30T01:00,3.8,82,16.7,42
2026-09-30T02:00,4.4,38,16.4,43
2026-09-30T03:00,4.3,42,15.7,47
2026-09-30T04:00,3.1,100,15.0,51
2026-09-30T05:00,3.8,101,14.6,58
2026-09-30T06:00,4.1,103,14.2,58
2026-09-30T07:00,3.4,108,14.7,58
2026-09-30T08:00,2.3,288,17.0,51
2026-09-30T09:00,0.6,18,18.8,43
2026-09-30T10:00,4.9,114,21.1,35
2026-09-30T11:00,7.6,118,20.9,38
2026-09-30T12:00,9.0,113,23.2,35
2026-09-30T13:00,3.3,158,25.2,33
2026-09-30T14:00,2.5,201,26.2,30
2026-09-30T15:00,4.0,190,26.3,30
2026-09-30T16:00,6.5,203,25.9,32
2026-09-30T17:00,8.3,150,20.4,67
2026-09-30T18:00,10.8,169,19.5,69
2026-09-30T19:00,12.6,146,19.2,71
2026-09-30T20:00,13.6,144,17.9,82
2026-09-30T21:00,13.8,126,17.9,79
2026-09-30T22:00,11.3,108,18.3,73
2026-09-30T23:00,10.5,93,18.6,68
