vaqt,pm2_5_ug_m3,pm10_ug_m3,no2_ug_m3,so2_ug_m3,co_ug_m3
2026-09-26T00:00,11.0,13.1,9.7,3.1,386.0
2026-09-26T01:00,12.1,14.3,11.3,3.0,349.0
2026-09-26T02:00,13.9,16.0,13.0,2.9,306.0
2026-09-26T03:00,15.3,17.2,14.8,2.8,253.0
2026-09-26T04:00,16.1,18.0,16.6,2.6,194.0
2026-09-26T05:00,14.3,16.4,15.1,2.6,158.0
2026-09-26T06:00,14.1,16.5,14.5,3.0,167.0
2026-09-26T07:00,14.8,17.2,13.6,3.6,198.0
2026-09-26T08:00,13.1,14.9,11.9,3.9,214.0
2026-09-26T09:00,8.2,11.1,8.8,3.8,194.0
2026-09-26T10:00,5.8,8.7,5.0,3.6,159.0
2026-09-26T11:00,5.2,7.1,2.2,3.3,132.0
2026-09-26T12:00,4.6,6.0,1.1,3.0,123.0
2026-09-26T13:00,4.3,5.8,1.0,2.7,121.0
2026-09-26T14:00,4.7,6.0,1.1,2.5,122.0
2026-09-26T15:00,5.4,6.6,0.6,2.3,122.0
2026-09-26T16:00,6.5,7.5,0.3,2.2,125.0
2026-09-26T17:00,2.8,3.1,1.7,2.3,131.0
2026-09-26T18:00,4.6,4.8,5.3,3.1,145.0
2026-09-26T19:00,9.7,9.9,10.4,4.2,164.0
2026-09-26T20:00,10.9,11.0,14.1,5.1,176.0
2026-09-26T21:00,10.4,10.5,15.2,5.6,175.0
2026-09-26T22:00,10.4,10.5,15.0,5.9,167.0
2026-09-26T23:00,10.8,10.9,15.1,6.0,163.0
2026-09-27T00:00,12.2,12.3,16.4,5.9,168.0
2026-09-27T01:00,13.5,13.6,18.1,5.5,176.0
2026-09-27T02:00,14.5,14.7,19.1,5.2,179.0
2026-09-27T03:00,14.4,14.6,18.9,4.9,172.0
2026-09-27T04:00,13.5,13.7,18.1,4.7,159.0
2026-09-27T05:00,14.4,14.6,17.1,4.6,154.0
2026-09-27T06:00,15.3,15.4,17.4,4.9,164.0
2026-09-27T07:00,18.6,18.7,17.7,5.3,181.0
2026-09-27T08:00,20.5,20.7,16.6,5.5,188.0
2026-09-27T09:00,7.7,7.9,12.7,5.3,175.0
2026-09-27T10:00,8.0,8.3,7.3,4.9,153.0
2026-09-27T11:00,9.3,9.6,3.2,4.4,135.0
2026-09-27T12:00,9.2,9.6,1.6,3.8,126.0
2026-09-27T13:00,8.3,9.1,1.3,3.1,121.0
2026-09-27T14:00,7.6,8.6,1.2,2.6,118.0
2026-09-27T15:00,7.1,8.1,0.7,2.3,112.0
2026-09-27T16:00,6.6,7.4,0.6,2.2,109.0
2026-09-27T17:00,2.9,3.3,1.7,2.3,125.0
2026-09-27T18:00,4.6,4.9,6.8,3.5,180.0
2026-09-27T19:00,10.7,11.0,13.9,5.1,254.0
2026-09-27T20:00,15.2,15.5,20.1,6.4,298.0
2026-09-27T21:00,18.2,18.6,24.6,7.1,281.0
2026-09-27T22:00,21.6,22.0,28.2,7.6,234.0
2026-09-27T23:00,24.2,24.6,30.7,7.7,207.0
2026-09-28T00:00,25.6,26.0,31.6,7.4,229.0
2026-09-28T01:00,26.0,26.4,31.2,6.7,271.0
2026-09-28T02:00,25.8,26.3,30.7,6.1,292.0
2026-09-28T03:00,25.1,25.7,30.5,5.5,263.0
2026-09-28T04:00,24.3,24.7,30.1,4.9,214.0
2026-09-28T05:00,26.0,26.6,30.7,5.0,193.0
2026-09-28T06:00,25.5,26.3,28.6,5.3,238.0
2026-09-28T07:00,27.5,28.3,25.5,5.8,310.0
2026-09-28T08:00,29.8,30.4,21.9,6.6,344.0
2026-09-28T09:00,18.9,19.4,17.4,8.0,297.0
2026-09-28T10:00,11.7,12.2,12.4,9.7,212.0
2026-09-28T11:00,9.3,9.7,8.3,10.4,147.0
2026-09-28T12:00,7.9,8.2,5.8,9.4,128.0
2026-09-28T13:00,7.6,8.0,4.2,7.4,130.0
2026-09-28T14:00,7.7,8.3,3.3,5.9,134.0
2026-09-28T15:00,7.8,8.6,2.5,5.4,134.0
2026-09-28T16:00,7.9,8.9,2.3,5.3,136.0
2026-09-28T17:00,6.6,8.3,3.0,4.2,142.0
2026-09-28T18:00,8.9,10.0,6.4,4.7,155.0
2026-09-28T19:00,13.0,14.0,11.0,5.5,171.0
2026-09-28T20:00,13.3,14.0,14.6,6.1,183.0
2026-09-28T21:00,13.1,13.7,16.0,6.4,187.0
2026-09-28T22:00,13.5,14.0,16.4,6.6,187.0
2026-09-28T23:00,14.3,14.8,16.7,6.6,182.0
2026-09-29T00:00,15.0,15.5,17.1,6.5,169.0
2026-09-29T01:00,15.4,15.9,17.4,6.2,152.0
2026-09-29T02:00,15.6,16.1,17.7,5.9,139.0
2026-09-29T03:00,15.4,15.8,18.3,5.5,132.0
2026-09-29T04:00,15.0,15.4,19.0,5.1,129.0
2026-09-29T05:00,13.3,13.5,20.2,4.7,140.0
2026-09-29T06:00,13.8,14.1,18.7,4.9,180.0
2026-09-29T07:00,16.3,16.8,16.6,5.2,234.0
2026-09-29T08:00,17.6,18.1,14.3,5.9,264.0
2026-09-29T09:00,11.9,12.5,11.9,7.4,247.0
2026-09-29T10:00,10.6,11.0,9.4,9.3,207.0
2026-09-29T11:00,9.7,10.2,7.2,10.3,172.0
2026-09-29T12:00,9.2,10.0,5.6,9.8,153.0
2026-09-29T13:00,9.1,10.5,4.3,8.6,140.0
2026-09-29T14:00,9.1,11.2,3.5,7.4,132.0
2026-09-29T15:00,9.1,11.5,2.5,6.5,126.0
2026-09-29T16:00,8.8,11.1,2.0,5.7,125.0
2026-09-29T17:00,6.6,8.1,3.2,4.5,139.0
2026-09-29T18:00,10.2,11.4,8.9,5.9,178.0
2026-09-29T19:00,15.5,16.7,16.8,7.7,232.0
2026-09-29T20:00,19.2,20.4,23.5,9.3,277.0
2026-09-29T21:00,22.2,23.5,28.2,10.3,306.0
2026-09-29T22:00,26.4,27.6,31.8,11.1,326.0
2026-09-29T23:00,28.3,29.5,33.3,11.1,335.0
2026-09-30T00:00,28.3,29.3,31.7,10.1,332.0
2026-09-30T01:00,26.7,27.5,28.0,8.4,319.0
2026-09-30T02:00,24.4,25.1,24.9,6.9,300.0
2026-09-30T03:00,22.1,22.6,23.1,5.7,262.0
2026-09-30T04:00,19.8,20.3,21.8,4.8,217.0
2026-09-30T05:00,22.4,22.7,25.1,3.9,209.0
2026-09-30T06:00,21.1,21.5,23.4,4.4,282.0
2026-09-30T07:00,22.5,22.9,21.0,5.0,392.0
2026-09-30T08:00,23.3,23.7,18.7,6.0,449.0
2026-09-30T09:00,22.1,22.8,16.8,7.7,397.0
2026-09-30T10:00,16.1,17.2,15.0,9.6,292.0
2026-09-30T11:00,15.0,16.3,12.9,10.5,207.0
2026-09-30T12:00,11.3,13.6,9.8,9.4,168.0
2026-09-30T13:00,9.7,13.7,6.3,7.2,150.0
2026-09-30T14:00,9.0,15.1,4.1,5.6,147.0
2026-09-30T15:00,9.3,16.6,4.0,5.3,167.0
2026-09-30T16:00,9.8,17.4,5.2,5.6,202.0
2026-09-30T17:00,19.3,36.3,5.0,4.9,225.0
2026-09-30T18:00,25.1,40.9,8.9,5.4,219.0
2026-09-30T19:00,31.3,45.6,14.3,6.1,200.0
2026-09-30T20:00,27.7,39.6,19.0,6.7,188.0
2026-09-30T21:00,25.6,38.6,22.3,7.0,193.0
2026-09-30T22:00,28.1,40.7,24.8,7.2,205.0
2026-09-30T23:00,31.1,42.8,25.8,7.2,219.0
